Keywords,Kamera_AM|PM
Reference calls,on
Reference type (min/mean/max),mean
Loudness threshold,70
Time gap between calls (ms),2000
Minimal call duration (ms),10
Minimum duration of detected call video (ms),6000
Band-Pass Filter (on/off),on
Lower cut-off frequency (kHz),1
Higher cut-off frequency (kHz),4
Create audio reference filter (on/off),on
Load all mp4 files for detection (yes/no),no
Scream frequency threshold (send warning if counted screams reach threshold),5
Create activity plot (on/off),on
Create activity plot for a specific time period (on/off),off
Start activity plot from,20220323
End activity plot at,20220327
Switch for erasing data (yes/no),no
Erasing date (all datafiles before the date are deleted),20220323
E-Mail receiver,tjard.bergmann@tiho-hannover.de
Testrun Detector (on/off),off
Taskscheduler Interval1 (WEEKLY/DAILY/MONTHLY/HOURLY/MINUTE),HOURLY
Taskscheduler Interval2 (if Interval 1 is set on HOURLY a 2 means run script every 2 hours),1
